#--------------------------------------------------------------------------------
# Auto-generated by Migen (a5cc037) & LiteX (8eecbd7b) on 2020-12-16 23:23:19
#--------------------------------------------------------------------------------
csr_base,ctrl,0x82000000,,
csr_base,uart_phy,0x82001000,,
csr_base,uart,0x82001800,,
csr_base,timer0,0x82002000,,
csr_base,leds,0x82002800,,
csr_base,switchs,0x82003000,,
csr_base,buttons,0x82003800,,
csr_base,display,0x82004000,,
csr_base,camara_cntrl,0x82004800,,
csr_base,radar_cntrl,0x82005000,,
csr_base,motor_cntrl,0x82005800,,
csr_base,infra_cntrl,0x82006000,,
csr_register,ctrl_reset,0x82000000,1,rw
csr_register,ctrl_scratch,0x82000004,1,rw
csr_register,ctrl_bus_errors,0x82000008,1,ro
csr_register,uart_phy_tuning_word,0x82001000,1,rw
csr_register,uart_rxtx,0x82001800,1,rw
csr_register,uart_txfull,0x82001804,1,ro
csr_register,uart_rxempty,0x82001808,1,ro
csr_register,uart_ev_status,0x8200180c,1,ro
csr_register,uart_ev_pending,0x82001810,1,ro
csr_register,uart_ev_enable,0x82001814,1,rw
csr_register,uart_txempty,0x82001818,1,ro
csr_register,uart_rxfull,0x8200181c,1,ro
csr_register,timer0_load,0x82002000,1,rw
csr_register,timer0_reload,0x82002004,1,rw
csr_register,timer0_en,0x82002008,1,rw
csr_register,timer0_update_value,0x8200200c,1,rw
csr_register,timer0_value,0x82002010,1,ro
csr_register,timer0_ev_status,0x82002014,1,ro
csr_register,timer0_ev_pending,0x82002018,1,ro
csr_register,timer0_ev_enable,0x8200201c,1,rw
csr_register,leds_out,0x82002800,1,rw
csr_register,switchs_in,0x82003000,1,ro
csr_register,buttons_in,0x82003800,1,ro
csr_register,display_dig_0,0x82004000,1,rw
csr_register,display_dig_1,0x82004004,1,rw
csr_register,display_dig_2,0x82004008,1,rw
csr_register,display_dig_3,0x8200400c,1,rw
csr_register,display_dig_4,0x82004010,1,rw
csr_register,display_dig_5,0x82004014,1,rw
csr_register,display_dig_6,0x82004018,1,rw
csr_register,display_dig_7,0x8200401c,1,rw
csr_register,camara_cntrl_color,0x82004800,1,ro
csr_register,camara_cntrl_figure,0x82004804,1,ro
csr_register,camara_cntrl_done,0x82004808,1,ro
csr_register,camara_cntrl_init_procesamiento,0x8200480c,1,rw
csr_register,camara_cntrl_ev_status,0x82004810,1,ro
csr_register,camara_cntrl_ev_pending,0x82004814,1,ro
csr_register,camara_cntrl_ev_enable,0x82004818,1,rw
csr_register,radar_cntrl_distance,0x82005000,1,ro
csr_register,radar_cntrl_boton_cambiar_grados,0x82005004,1,rw
csr_register,radar_cntrl_ultra,0x82005008,1,rw
csr_register,motor_cntrl_direccion,0x82005800,1,rw
csr_register,motor_cntrl_direccion2,0x82005804,1,rw
csr_register,infra_cntrl_salida,0x82006000,1,ro
csr_register,infra_cntrl_salida1,0x82006004,1,ro
csr_register,infra_cntrl_salida2,0x82006008,1,ro
constant,config_clock_frequency,100000000,,
constant,config_cpu_has_interrupt,None,,
constant,config_cpu_reset_addr,0,,
constant,config_cpu_type_picorv32,None,,
constant,config_cpu_variant_standard,None,,
constant,config_cpu_human_name,picorv32,,
constant,config_cpu_nop,nop,,
constant,config_csr_data_width,32,,
constant,config_csr_alignment,32,,
constant,config_bus_standard,wishbone,,
constant,config_bus_data_width,32,,
constant,config_bus_address_width,32,,
constant,camara_cntrl_interrupt,2,,
constant,timer0_interrupt,1,,
constant,uart_interrupt,0,,
memory_region,rom,0x00000000,32768,cached
memory_region,sram,0x01000000,8192,cached
memory_region,main_ram,0x40000000,10240,cached
memory_region,csr,0x82000000,65536,io
